               epoch,      train/box_loss,      train/obj_loss,      train/cls_loss,   metrics/precision,      metrics/recall,     metrics/mAP_0.5,metrics/mAP_0.5:0.95,        val/box_loss,        val/obj_loss,        val/cls_loss,               x/lr0,               x/lr1,               x/lr2
                   0,             0.04934,            0.036761,            0.013937,             0.71851,             0.79345,             0.79764,             0.38939,            0.029597,            0.010714,           0.0032101,            0.003329,            0.003329,            0.070039
                   1,            0.036444,            0.031226,           0.0045381,              0.8372,             0.86127,             0.92195,              0.5866,            0.024217,           0.0081202,           0.0019271,           0.0066619,           0.0066619,            0.040039
                   2,            0.034078,            0.029824,           0.0031582,             0.95406,             0.85811,             0.94568,             0.63486,             0.02373,           0.0081331,           0.0015556,           0.0099934,           0.0099934,            0.010037
                   3,            0.029915,            0.028995,           0.0027998,             0.95194,             0.85798,              0.9492,             0.64964,            0.021713,           0.0082115,            0.001045,            0.009995,            0.009995,            0.009995
                   4,             0.02564,            0.026523,           0.0020323,             0.95931,             0.93324,             0.96885,              0.7361,            0.019655,           0.0070051,          0.00090316,            0.009995,            0.009995,            0.009995
                   5,            0.023514,            0.027577,           0.0017698,             0.94811,             0.91477,             0.97278,             0.75052,            0.017619,           0.0074707,          0.00064584,           0.0099911,           0.0099911,           0.0099911
                   6,            0.022393,            0.026382,           0.0016188,             0.96213,             0.92937,             0.98059,             0.76826,            0.016821,           0.0065657,          0.00073893,           0.0099861,           0.0099861,           0.0099861
                   7,            0.022048,            0.024426,           0.0014414,             0.96878,             0.94481,             0.98597,             0.77294,            0.015877,           0.0064652,          0.00062887,             0.00998,             0.00998,             0.00998
                   8,            0.021309,            0.024444,           0.0012695,             0.96792,             0.94562,             0.98702,             0.79227,            0.016481,           0.0061869,          0.00041283,           0.0099728,           0.0099728,           0.0099728
                   9,            0.021193,            0.024975,           0.0013409,             0.98874,              0.9341,             0.98848,             0.79789,            0.015308,           0.0062499,          0.00041648,           0.0099645,           0.0099645,           0.0099645
                  10,            0.020874,            0.024688,           0.0011416,             0.95629,             0.91224,             0.97317,             0.75404,            0.017201,           0.0073028,          0.00038966,           0.0099551,           0.0099551,           0.0099551
                  11,            0.019476,            0.022706,          0.00088848,             0.97217,             0.95604,             0.98978,             0.80464,            0.015472,           0.0059297,           0.0004114,           0.0099446,           0.0099446,           0.0099446
                  12,            0.019767,            0.024523,          0.00094165,             0.96915,              0.9489,             0.98312,             0.79163,            0.016214,           0.0062678,          0.00051734,            0.009933,            0.009933,            0.009933
                  13,             0.01912,            0.023051,          0.00092932,             0.97616,             0.95761,             0.98781,             0.80441,            0.016648,           0.0060561,          0.00035411,           0.0099203,           0.0099203,           0.0099203
                  14,            0.019297,            0.023865,          0.00087399,             0.98516,              0.9601,             0.99003,             0.81291,            0.015722,           0.0058879,          0.00040195,           0.0099065,           0.0099065,           0.0099065
                  15,            0.019199,            0.023207,          0.00080253,             0.96938,             0.96367,             0.98941,              0.8127,            0.015561,            0.005756,          0.00036755,           0.0098916,           0.0098916,           0.0098916
                  16,            0.019064,            0.023083,          0.00081417,             0.98451,             0.94687,             0.99008,             0.82194,             0.01488,           0.0057684,          0.00058796,           0.0098757,           0.0098757,           0.0098757
                  17,            0.018539,            0.022251,          0.00098929,             0.98153,             0.95177,             0.98779,             0.81043,            0.015395,           0.0058136,          0.00033527,           0.0098586,           0.0098586,           0.0098586
                  18,            0.018845,            0.022724,          0.00073903,             0.97077,             0.97856,             0.99264,              0.8273,            0.015585,           0.0057289,          0.00033017,           0.0098405,           0.0098405,           0.0098405
                  19,            0.018166,            0.022722,          0.00081913,             0.97355,              0.9641,             0.99061,             0.82518,            0.014573,           0.0057287,          0.00028381,           0.0098213,           0.0098213,           0.0098213
                  20,            0.018002,            0.022668,          0.00069461,              0.9751,              0.9751,              0.9914,             0.82276,            0.014714,           0.0057209,          0.00028358,           0.0098011,           0.0098011,           0.0098011
                  21,            0.018716,             0.02354,          0.00074783,              0.9722,             0.96653,             0.98944,             0.82097,            0.014927,           0.0058319,          0.00034568,           0.0097798,           0.0097798,           0.0097798
                  22,            0.018064,            0.022523,          0.00076428,             0.98124,              0.9639,               0.992,             0.82437,            0.014745,           0.0056754,          0.00027584,           0.0097574,           0.0097574,           0.0097574
                  23,            0.017787,            0.020652,          0.00067075,             0.96687,             0.97281,             0.99166,             0.83237,            0.014597,           0.0056079,          0.00033881,            0.009734,            0.009734,            0.009734
                  24,            0.017931,            0.021517,          0.00070795,             0.97116,             0.95425,             0.98862,             0.81573,            0.014603,           0.0061214,          0.00030331,           0.0097095,           0.0097095,           0.0097095
                  25,            0.017554,            0.021051,          0.00072146,             0.98148,             0.96761,             0.99007,             0.81649,            0.014427,           0.0055761,          0.00027341,            0.009684,            0.009684,            0.009684
                  26,            0.017843,            0.021639,          0.00059231,              0.9691,             0.98022,             0.99195,             0.83362,            0.014228,           0.0055345,          0.00033451,           0.0096575,           0.0096575,           0.0096575
                  27,            0.017732,            0.021495,          0.00059026,             0.98915,             0.96504,             0.99228,             0.83684,            0.014096,           0.0055364,          0.00028047,           0.0096299,           0.0096299,           0.0096299
                  28,            0.017865,            0.022914,          0.00073597,             0.97041,             0.95577,              0.9873,              0.8257,            0.014802,           0.0057843,          0.00026108,           0.0096013,           0.0096013,           0.0096013
                  29,            0.017096,            0.021573,             0.00059,             0.97091,             0.97911,             0.99261,             0.83799,            0.014247,           0.0055046,           0.0002604,           0.0095717,           0.0095717,           0.0095717
                  30,            0.017575,            0.021865,          0.00061357,              0.9884,             0.96713,             0.99108,             0.83249,            0.014142,           0.0054726,          0.00038477,           0.0095411,           0.0095411,           0.0095411
                  31,             0.01696,            0.020823,          0.00068071,             0.97691,             0.97225,             0.99232,             0.83964,            0.014113,           0.0054739,          0.00019775,           0.0095095,           0.0095095,           0.0095095
                  32,            0.017393,            0.020231,          0.00061461,             0.97997,             0.97808,             0.99278,             0.83432,            0.014336,            0.005557,          0.00029091,           0.0094769,           0.0094769,           0.0094769
                  33,            0.017053,            0.021452,          0.00061106,             0.97282,             0.98258,             0.99268,              0.8315,            0.014432,           0.0054816,          0.00040222,           0.0094434,           0.0094434,           0.0094434
                  34,            0.016939,            0.021473,          0.00058993,             0.97858,             0.97753,             0.99293,             0.83915,            0.014388,           0.0054472,          0.00028652,           0.0094088,           0.0094088,           0.0094088
                  35,            0.017043,            0.022078,          0.00052057,             0.98028,              0.9758,             0.99257,             0.84495,            0.014078,           0.0054447,          0.00026055,           0.0093733,           0.0093733,           0.0093733
                  36,            0.016998,            0.020385,          0.00056196,             0.98011,             0.97175,             0.99215,             0.84306,            0.014537,           0.0054037,          0.00025635,           0.0093369,           0.0093369,           0.0093369
                  37,            0.016847,            0.020793,          0.00060265,             0.99225,             0.97203,              0.9931,             0.84584,            0.014067,           0.0053681,          0.00027146,           0.0092995,           0.0092995,           0.0092995
                  38,            0.016603,            0.021204,          0.00071679,             0.98333,             0.97722,             0.99298,             0.84525,            0.013881,           0.0054036,          0.00024595,           0.0092611,           0.0092611,           0.0092611
                  39,            0.016477,            0.020543,          0.00057539,             0.97088,             0.97875,             0.99273,             0.83999,             0.01398,           0.0053896,          0.00020563,           0.0092219,           0.0092219,           0.0092219
                  40,            0.016899,            0.019927,          0.00050199,             0.98212,             0.97297,              0.9928,             0.84944,            0.013814,           0.0053531,          0.00027451,           0.0091817,           0.0091817,           0.0091817
                  41,            0.016479,            0.021508,          0.00046531,             0.98555,             0.97721,             0.99296,             0.84288,            0.014744,           0.0054228,          0.00015921,           0.0091406,           0.0091406,           0.0091406
                  42,            0.016422,            0.021044,          0.00051119,             0.96791,             0.98533,             0.99237,             0.83861,            0.013786,           0.0053276,          0.00049383,           0.0090986,           0.0090986,           0.0090986
                  43,            0.016345,            0.019758,          0.00046772,             0.97117,             0.97968,             0.99129,             0.84676,            0.013936,            0.005385,            0.000201,           0.0090557,           0.0090557,           0.0090557
                  44,             0.01638,            0.020393,          0.00056965,             0.97389,             0.97789,             0.99246,             0.84486,            0.014424,           0.0052874,          0.00022581,           0.0090119,           0.0090119,           0.0090119
                  45,             0.01665,            0.020679,          0.00049861,             0.98877,             0.96653,             0.99218,             0.84681,            0.014039,           0.0053248,          0.00034797,           0.0089673,           0.0089673,           0.0089673
                  46,            0.016505,            0.020967,          0.00046349,             0.97684,             0.98268,             0.99289,             0.84293,            0.014034,           0.0053325,          0.00028202,           0.0089218,           0.0089218,           0.0089218
                  47,            0.015759,            0.019335,          0.00041383,             0.98143,             0.97448,             0.99275,             0.84991,            0.013771,           0.0053874,          0.00024975,           0.0088755,           0.0088755,           0.0088755
                  48,            0.016188,             0.02102,          0.00045662,             0.97965,             0.97281,             0.99231,             0.84459,            0.014089,           0.0053503,          0.00022912,           0.0088283,           0.0088283,           0.0088283
                  49,            0.015962,            0.019899,          0.00044973,              0.9859,             0.96857,             0.99245,             0.84425,            0.014019,           0.0053407,          0.00016074,           0.0087804,           0.0087804,           0.0087804
                  50,             0.01608,            0.020655,          0.00049838,             0.98472,             0.97456,             0.99267,             0.83916,            0.014402,           0.0054835,          0.00020831,           0.0087316,           0.0087316,           0.0087316
                  51,            0.016464,            0.020556,          0.00039171,             0.98573,             0.96737,             0.99255,             0.84484,            0.014275,           0.0053146,          0.00025947,            0.008682,            0.008682,            0.008682
                  52,            0.016199,            0.020301,          0.00043901,             0.97907,             0.98234,             0.99331,             0.84551,            0.014054,           0.0053652,          0.00026773,           0.0086316,           0.0086316,           0.0086316
                  53,            0.015894,            0.019584,          0.00048912,             0.97401,             0.98383,             0.99337,             0.84629,            0.014416,           0.0053583,          0.00014444,           0.0085805,           0.0085805,           0.0085805
                  54,             0.01597,            0.020035,          0.00037518,             0.97849,             0.96797,             0.99256,             0.84982,            0.014035,           0.0053427,          0.00019495,           0.0085286,           0.0085286,           0.0085286
                  55,            0.015569,            0.020187,           0.0004118,             0.98488,             0.97459,             0.99345,             0.85426,            0.014282,           0.0052606,          0.00016355,           0.0084759,           0.0084759,           0.0084759
                  56,            0.015703,            0.020331,          0.00042908,             0.99194,             0.96861,             0.99312,             0.84789,            0.014138,           0.0053025,          0.00015021,           0.0084225,           0.0084225,           0.0084225
                  57,            0.016243,            0.021218,          0.00039102,             0.98438,             0.97739,             0.99299,             0.84619,            0.013836,           0.0053323,          0.00020406,           0.0083684,           0.0083684,           0.0083684
                  58,            0.015693,            0.020122,          0.00042479,             0.98307,             0.97438,             0.99185,             0.84285,            0.014218,           0.0052687,          0.00019483,           0.0083136,           0.0083136,           0.0083136
                  59,            0.015567,            0.018438,          0.00032909,             0.98371,             0.97771,             0.99329,             0.85661,            0.013811,           0.0051832,          0.00017729,           0.0082581,           0.0082581,           0.0082581
                  60,            0.015924,            0.019581,          0.00041171,             0.98354,             0.97918,             0.99345,             0.85079,              0.0139,           0.0052811,          0.00021706,           0.0082019,           0.0082019,           0.0082019
                  61,            0.015433,            0.019017,           0.0003942,             0.99014,             0.97828,             0.99385,             0.84862,            0.013797,           0.0052109,          0.00015103,            0.008145,            0.008145,            0.008145
                  62,            0.015894,            0.019584,          0.00036878,             0.98846,             0.98398,             0.99362,             0.85357,            0.013701,           0.0052402,          0.00020781,           0.0080875,           0.0080875,           0.0080875
                  63,            0.015769,            0.019597,          0.00035088,             0.97774,             0.98714,             0.99401,             0.85417,            0.013638,           0.0052579,          0.00019585,           0.0080294,           0.0080294,           0.0080294
                  64,            0.015787,            0.020645,           0.0003503,             0.98056,             0.97699,              0.9936,             0.85168,            0.013821,           0.0051906,          0.00013573,           0.0079706,           0.0079706,           0.0079706
                  65,            0.015111,            0.019551,           0.0003239,              0.9749,             0.98728,             0.99364,             0.84796,            0.013651,           0.0051963,          0.00013209,           0.0079112,           0.0079112,           0.0079112
                  66,             0.01555,            0.019806,          0.00037064,             0.98653,             0.97024,             0.99307,             0.85606,            0.013693,           0.0051875,          0.00014355,           0.0078512,           0.0078512,           0.0078512
                  67,            0.015107,            0.018739,          0.00031618,             0.98602,             0.97986,             0.99389,             0.85693,            0.013732,           0.0051269,          0.00011834,           0.0077907,           0.0077907,           0.0077907
                  68,            0.015317,            0.018389,          0.00031339,              0.9832,             0.97955,             0.99323,             0.85633,            0.013569,           0.0052238,          0.00015413,           0.0077296,           0.0077296,           0.0077296
                  69,            0.015288,             0.01936,          0.00037171,             0.97981,             0.97757,             0.99324,             0.85615,            0.013717,           0.0052248,          0.00025675,           0.0076679,           0.0076679,           0.0076679
                  70,             0.01527,            0.019535,          0.00031713,             0.97747,             0.98956,             0.99357,             0.85803,            0.013587,           0.0051998,          0.00017749,           0.0076057,           0.0076057,           0.0076057
                  71,            0.015194,            0.019965,          0.00028737,             0.98789,             0.97263,             0.99271,             0.85114,            0.013515,           0.0052289,          0.00024291,            0.007543,            0.007543,            0.007543
                  72,            0.015443,            0.019038,          0.00036841,             0.98738,             0.97579,             0.99391,             0.85967,            0.013818,           0.0051676,          0.00013134,           0.0074797,           0.0074797,           0.0074797
                  73,            0.015742,            0.020575,          0.00037681,             0.98205,             0.98217,             0.99376,             0.85285,            0.014006,           0.0051662,          0.00013226,            0.007416,            0.007416,            0.007416
                  74,            0.015537,            0.019215,          0.00041843,             0.97714,              0.9813,              0.9933,             0.85811,            0.013646,           0.0051657,          0.00016451,           0.0073518,           0.0073518,           0.0073518
                  75,            0.015366,            0.019768,          0.00031767,             0.98162,             0.98049,             0.99374,             0.85694,              0.0136,           0.0051488,          0.00017258,           0.0072872,           0.0072872,           0.0072872
                  76,            0.015297,            0.019782,          0.00037195,             0.97908,             0.98397,             0.99366,             0.85775,            0.013636,           0.0051685,           0.0002046,           0.0072221,           0.0072221,           0.0072221
                  77,            0.015094,            0.020134,          0.00035861,             0.98425,             0.98185,             0.99389,             0.85823,            0.013751,            0.005125,          0.00012035,           0.0071566,           0.0071566,           0.0071566
                  78,            0.015344,             0.01965,          0.00028751,             0.98248,             0.97984,             0.99357,              0.8586,            0.013609,           0.0051839,          0.00017815,           0.0070906,           0.0070906,           0.0070906
                  79,            0.015138,             0.01923,          0.00031469,              0.9896,             0.97495,             0.99378,             0.86221,            0.013462,           0.0051229,          0.00011425,           0.0070243,           0.0070243,           0.0070243
                  80,            0.015152,             0.01957,          0.00030942,             0.98931,              0.9715,              0.9936,             0.85841,            0.013507,           0.0051054,          0.00017596,           0.0069576,           0.0069576,           0.0069576
                  81,            0.014991,            0.019221,          0.00050271,             0.98388,             0.97953,              0.9935,             0.85266,            0.014104,           0.0050929,          0.00017226,           0.0068906,           0.0068906,           0.0068906
                  82,            0.015104,             0.02001,          0.00042173,             0.98613,             0.98117,             0.99378,             0.86181,            0.013482,           0.0051127,          0.00015166,           0.0068232,           0.0068232,           0.0068232
                  83,            0.014903,            0.019515,          0.00041282,             0.98365,             0.98161,             0.99389,             0.86055,            0.013774,           0.0051035,           0.0002191,           0.0067555,           0.0067555,           0.0067555
                  84,            0.015281,            0.018781,          0.00033407,             0.98579,              0.9744,             0.99357,             0.86096,            0.013719,           0.0050818,          0.00029354,           0.0066874,           0.0066874,           0.0066874
                  85,            0.014995,            0.020614,          0.00036166,              0.9833,             0.97952,              0.9934,              0.8616,            0.013523,           0.0051198,          0.00026911,           0.0066191,           0.0066191,           0.0066191
                  86,            0.015424,            0.020002,          0.00039753,             0.98237,             0.98181,             0.99337,             0.86344,            0.013392,           0.0051031,          0.00022954,           0.0065505,           0.0065505,           0.0065505
                  87,            0.014842,            0.020474,          0.00034952,             0.98879,             0.97193,             0.99355,              0.8637,            0.013634,           0.0050733,          0.00015336,           0.0064816,           0.0064816,           0.0064816
                  88,            0.014889,            0.018826,          0.00031585,             0.98028,             0.98529,             0.99389,             0.86371,            0.013473,           0.0051008,          0.00022031,           0.0064125,           0.0064125,           0.0064125
                  89,            0.015043,            0.018762,          0.00027409,             0.98335,             0.97972,             0.99353,             0.86106,            0.013557,           0.0050884,          0.00013422,           0.0063432,           0.0063432,           0.0063432
                  90,            0.015419,            0.020533,          0.00044109,             0.98675,             0.97419,             0.99311,             0.86095,            0.013411,           0.0051161,          0.00019953,           0.0062737,           0.0062737,           0.0062737
                  91,             0.01484,            0.019249,          0.00032016,             0.98883,             0.97952,             0.99301,              0.8633,            0.013556,           0.0051019,          0.00016137,            0.006204,            0.006204,            0.006204
                  92,            0.014813,            0.018664,          0.00032074,             0.98768,             0.97431,             0.99326,             0.85934,            0.013485,           0.0051187,          0.00016589,           0.0061341,           0.0061341,           0.0061341
                  93,            0.014884,            0.018696,          0.00029236,             0.97791,             0.98648,             0.99358,             0.86189,            0.013511,           0.0050713,          0.00017364,            0.006064,            0.006064,            0.006064
                  94,            0.014863,            0.019155,          0.00025531,             0.98649,             0.97757,             0.99377,             0.86174,            0.013556,           0.0051513,          0.00014327,           0.0059938,           0.0059938,           0.0059938
                  95,            0.014815,            0.019414,          0.00037036,             0.99219,             0.97363,             0.99381,             0.86117,            0.013452,           0.0051718,          0.00012827,           0.0059235,           0.0059235,           0.0059235
                  96,             0.01461,            0.017599,          0.00033748,             0.97583,             0.98551,             0.99347,             0.86405,            0.013311,           0.0051482,          7.3026e-05,           0.0058531,           0.0058531,           0.0058531
                  97,            0.014841,             0.01923,          0.00044917,             0.98663,             0.98216,             0.99391,              0.8628,            0.013406,            0.005076,          0.00014876,           0.0057826,           0.0057826,           0.0057826
                  98,            0.014297,            0.017661,          0.00032217,             0.98664,             0.97794,              0.9935,             0.86545,            0.013561,           0.0050905,          0.00019277,            0.005712,            0.005712,            0.005712
                  99,            0.014438,             0.01862,          0.00027655,             0.98965,             0.97458,             0.99359,             0.86476,            0.013496,           0.0050642,          0.00013703,           0.0056413,           0.0056413,           0.0056413
                 100,            0.014678,            0.019489,             0.00038,             0.98856,             0.97718,             0.99368,             0.86411,            0.013548,           0.0050853,          0.00010753,           0.0055707,           0.0055707,           0.0055707
                 101,            0.014514,            0.018633,           0.0002418,             0.98771,              0.9822,              0.9939,             0.86479,            0.013456,           0.0050722,          0.00010479,              0.0055,              0.0055,              0.0055
                 102,            0.014818,            0.019791,          0.00035876,             0.98597,             0.98075,             0.99366,             0.86642,            0.013397,           0.0050771,          0.00023043,           0.0054293,           0.0054293,           0.0054293
                 103,            0.014838,            0.020547,          0.00026559,             0.98696,             0.97755,             0.99324,             0.86754,            0.013401,           0.0050631,          0.00041173,           0.0053587,           0.0053587,           0.0053587
                 104,            0.014637,            0.019182,          0.00029548,             0.98765,             0.97675,             0.99353,               0.866,            0.013522,           0.0050246,          0.00039278,            0.005288,            0.005288,            0.005288
                 105,            0.014252,            0.017665,          0.00031704,             0.98495,             0.98245,             0.99374,             0.86519,            0.013401,           0.0050229,          0.00028721,           0.0052174,           0.0052174,           0.0052174
                 106,            0.014437,            0.019039,          0.00023754,             0.98878,               0.981,             0.99367,             0.86827,            0.013374,           0.0050351,          0.00035228,           0.0051469,           0.0051469,           0.0051469
                 107,            0.014374,            0.019049,          0.00031693,             0.98726,             0.97218,              0.9935,             0.86798,            0.013599,           0.0050471,          0.00031869,           0.0050765,           0.0050765,           0.0050765
                 108,            0.014321,            0.017802,          0.00026363,             0.98568,             0.97602,             0.99337,             0.86807,            0.013379,           0.0050836,           0.0004161,           0.0050062,           0.0050062,           0.0050062
                 109,            0.014074,             0.01809,          0.00025177,              0.9884,             0.98234,             0.99383,             0.86966,            0.013283,            0.005033,          0.00030545,            0.004936,            0.004936,            0.004936
                 110,            0.014067,            0.018424,          0.00039792,             0.98408,             0.98234,             0.99359,             0.86962,            0.013225,           0.0050478,          0.00029986,           0.0048659,           0.0048659,           0.0048659
                 111,            0.013926,            0.017884,           0.0002115,               0.975,             0.98634,             0.99338,             0.86903,            0.013248,           0.0050646,           0.0002258,            0.004796,            0.004796,            0.004796
                 112,            0.014076,            0.017413,          0.00020628,             0.98789,             0.98083,             0.99371,             0.86959,             0.01312,           0.0050438,          0.00015874,           0.0047263,           0.0047263,           0.0047263
                 113,            0.013873,            0.018762,          0.00020054,             0.98531,             0.97952,             0.99346,             0.87254,            0.013282,           0.0050873,          0.00014032,           0.0046568,           0.0046568,           0.0046568
                 114,            0.013772,            0.018447,          0.00020447,             0.99175,             0.97561,             0.99359,             0.87092,            0.013333,           0.0050592,          0.00024838,           0.0045875,           0.0045875,           0.0045875
                 115,              0.0139,            0.017367,          0.00021567,             0.98718,             0.97806,             0.99361,             0.86966,            0.013299,            0.005064,          0.00034025,           0.0045184,           0.0045184,           0.0045184
                 116,            0.013834,            0.017673,          0.00017952,             0.98766,             0.97684,             0.99345,              0.8696,            0.013376,           0.0050129,          0.00034318,           0.0044495,           0.0044495,           0.0044495
                 117,            0.013963,            0.018001,          0.00023379,             0.98236,             0.98798,             0.99364,             0.86885,            0.013431,           0.0050415,          0.00027628,           0.0043809,           0.0043809,           0.0043809
                 118,            0.013935,            0.018325,          0.00018056,             0.98348,             0.98424,              0.9935,             0.87108,            0.013348,           0.0050737,          0.00015076,           0.0043126,           0.0043126,           0.0043126
                 119,            0.013219,            0.016967,          0.00017571,              0.9888,             0.98226,             0.99378,             0.87149,            0.013274,           0.0049986,          0.00011566,           0.0042445,           0.0042445,           0.0042445
                 120,            0.013833,            0.018527,          0.00019552,             0.98377,             0.98477,             0.99379,             0.87185,            0.013295,           0.0050169,          0.00013904,           0.0041768,           0.0041768,           0.0041768
                 121,            0.013515,            0.017329,          0.00020179,             0.98887,             0.98287,             0.99372,             0.87171,            0.013285,             0.00504,          0.00017456,           0.0041094,           0.0041094,           0.0041094
                 122,            0.013516,            0.018143,          0.00017926,             0.98422,             0.98568,              0.9937,             0.87195,            0.013436,           0.0050696,          0.00019146,           0.0040424,           0.0040424,           0.0040424
                 123,            0.013777,            0.017766,          0.00016477,             0.99224,             0.97701,             0.99378,             0.87163,            0.013433,           0.0050818,          0.00018618,           0.0039757,           0.0039757,           0.0039757
                 124,            0.013678,            0.017737,          0.00017878,             0.99002,             0.98392,             0.99377,             0.87393,            0.013502,           0.0050627,           0.0001612,           0.0039094,           0.0039094,           0.0039094
                 125,            0.013366,            0.017106,          0.00018571,             0.98975,             0.97912,             0.99399,             0.87298,            0.013407,           0.0050658,          0.00014035,           0.0038434,           0.0038434,           0.0038434
                 126,            0.013516,            0.017595,          0.00014255,             0.99243,             0.97554,             0.99389,             0.87088,            0.013402,            0.005042,          0.00011488,           0.0037779,           0.0037779,           0.0037779
                 127,            0.013178,            0.017644,          0.00015919,              0.9886,             0.97921,             0.99397,             0.87213,            0.013403,           0.0050565,          0.00013215,           0.0037128,           0.0037128,           0.0037128
                 128,            0.013328,            0.017841,           0.0001233,               0.988,             0.98724,             0.99409,             0.87245,            0.013379,           0.0050777,          0.00013846,           0.0036482,           0.0036482,           0.0036482
                 129,            0.013677,            0.018544,          0.00013578,             0.98999,             0.98244,             0.99398,             0.87371,            0.013249,           0.0050918,          7.6572e-05,            0.003584,            0.003584,            0.003584
                 130,             0.01343,            0.017617,          0.00018542,             0.98564,             0.98186,             0.99384,              0.8748,            0.013425,           0.0050827,          0.00011749,           0.0035203,           0.0035203,           0.0035203
                 131,            0.013225,            0.016219,            0.000164,             0.99279,             0.97281,             0.99371,             0.87115,            0.013351,           0.0050667,          0.00016876,            0.003457,            0.003457,            0.003457
                 132,            0.013298,            0.017107,          0.00019031,             0.99154,              0.9738,             0.99362,             0.87309,            0.013315,           0.0050802,          0.00024945,           0.0033943,           0.0033943,           0.0033943
                 133,            0.013072,            0.016705,          0.00018326,             0.99122,             0.97617,             0.99376,             0.87246,            0.013275,           0.0050406,           0.0002107,           0.0033321,           0.0033321,           0.0033321
                 134,            0.013437,            0.017183,           0.0001592,             0.99223,             0.97876,             0.99391,             0.87582,            0.013305,            0.005028,          0.00015682,           0.0032704,           0.0032704,           0.0032704
                 135,            0.013316,            0.017241,          0.00014926,             0.98424,             0.98516,             0.99386,             0.87675,            0.013292,           0.0050574,          0.00014167,           0.0032093,           0.0032093,           0.0032093
                 136,             0.01347,            0.018137,          0.00014282,             0.98689,             0.98379,             0.99382,             0.87702,            0.013266,           0.0050611,          0.00012749,           0.0031488,           0.0031488,           0.0031488
                 137,            0.012869,            0.017089,          0.00011481,             0.98773,             0.98357,             0.99388,             0.87765,            0.013212,           0.0050568,          0.00012752,           0.0030888,           0.0030888,           0.0030888
                 138,            0.013179,            0.017461,          0.00013288,             0.98402,              0.9864,              0.9938,             0.87729,             0.01316,            0.005075,          0.00013403,           0.0030294,           0.0030294,           0.0030294
                 139,            0.012878,            0.016504,          0.00014633,             0.98756,             0.98568,             0.99388,             0.87852,            0.013174,           0.0050481,          0.00012106,           0.0029706,           0.0029706,           0.0029706
                 140,            0.013009,            0.016201,          0.00012872,             0.98532,             0.98599,             0.99349,             0.87748,            0.013197,           0.0050764,          0.00010167,           0.0029125,           0.0029125,           0.0029125
                 141,             0.01297,            0.017028,          0.00014448,             0.98968,             0.98384,              0.9938,             0.87545,            0.013304,           0.0050662,          0.00011189,            0.002855,            0.002855,            0.002855
                 142,            0.012883,            0.017086,          0.00011659,             0.98532,             0.98496,             0.99257,             0.87641,            0.013325,           0.0050891,          0.00011636,           0.0027981,           0.0027981,           0.0027981
                 143,            0.012906,            0.017507,          0.00012171,             0.98896,             0.98088,             0.99343,             0.87716,            0.013275,           0.0050554,          0.00012005,           0.0027419,           0.0027419,           0.0027419
                 144,            0.012985,            0.016364,          0.00012063,             0.98665,              0.9832,              0.9935,             0.87751,            0.013247,           0.0050698,           0.0001114,           0.0026864,           0.0026864,           0.0026864
                 145,            0.013122,            0.017567,          0.00011543,             0.98548,             0.98674,             0.99336,             0.87706,            0.013284,           0.0050636,          0.00010458,           0.0026316,           0.0026316,           0.0026316
                 146,            0.012929,             0.01652,           0.0001584,             0.99235,             0.98312,             0.99411,              0.8763,            0.013286,           0.0050608,          9.4877e-05,           0.0025775,           0.0025775,           0.0025775
                 147,            0.012936,            0.017071,          0.00011249,             0.99298,             0.97896,             0.99404,             0.87531,            0.013276,           0.0050504,          0.00010725,           0.0025241,           0.0025241,           0.0025241
                 148,            0.012805,            0.017006,          0.00011033,             0.98353,             0.98834,             0.99406,             0.87709,            0.013274,           0.0050648,          8.7755e-05,           0.0024714,           0.0024714,           0.0024714
                 149,            0.012678,            0.017349,          0.00012844,             0.98775,             0.98289,               0.994,             0.87885,            0.013256,           0.0050895,          8.3876e-05,           0.0024195,           0.0024195,           0.0024195
                 150,            0.012864,            0.016841,          9.6213e-05,              0.9863,             0.98509,             0.99386,             0.87722,            0.013223,           0.0050764,          8.2931e-05,           0.0023684,           0.0023684,           0.0023684
                 151,            0.012796,            0.016642,          0.00013677,              0.9927,              0.9804,             0.99398,             0.87758,            0.013192,           0.0050547,          9.1456e-05,            0.002318,            0.002318,            0.002318
                 152,            0.012715,            0.016813,          9.7504e-05,             0.99314,             0.97964,             0.99388,             0.88155,            0.013172,           0.0050515,          9.5669e-05,           0.0022684,           0.0022684,           0.0022684
                 153,            0.012549,            0.016543,          0.00010375,             0.99195,              0.9799,             0.99371,             0.88144,            0.013274,           0.0050547,          9.4583e-05,           0.0022196,           0.0022196,           0.0022196
                 154,            0.012619,            0.017067,          0.00013298,             0.98452,             0.98754,             0.99377,             0.88162,            0.013322,           0.0050601,          8.3299e-05,           0.0021717,           0.0021717,           0.0021717
                 155,            0.012634,            0.016962,          0.00014251,             0.98488,             0.98647,             0.99371,              0.8805,            0.013292,           0.0050809,          8.7535e-05,           0.0021245,           0.0021245,           0.0021245
                 156,            0.012706,            0.016322,          0.00010083,             0.98469,             0.98653,             0.99386,             0.88037,            0.013332,           0.0050406,          0.00011152,           0.0020782,           0.0020782,           0.0020782
                 157,            0.012648,             0.01765,          0.00010736,             0.98378,             0.98887,             0.99406,             0.88037,            0.013344,           0.0050206,          0.00011409,           0.0020327,           0.0020327,           0.0020327
                 158,            0.012926,            0.017298,          0.00012168,             0.98369,             0.98824,             0.99394,             0.88045,            0.013294,           0.0050169,          0.00012251,           0.0019881,           0.0019881,           0.0019881
                 159,            0.012558,            0.017591,          0.00010851,             0.98464,             0.98816,             0.99395,             0.87959,            0.013244,           0.0050242,          0.00013267,           0.0019443,           0.0019443,           0.0019443
                 160,             0.01245,            0.016182,           8.476e-05,             0.98669,             0.98798,             0.99411,             0.88086,            0.013174,            0.005035,          0.00013319,           0.0019014,           0.0019014,           0.0019014
                 161,            0.012547,            0.016252,            7.45e-05,              0.9833,             0.98707,             0.99403,             0.87994,            0.013191,            0.005057,          0.00014708,           0.0018594,           0.0018594,           0.0018594
                 162,            0.012864,            0.017417,          0.00010246,             0.99307,             0.97757,             0.99393,             0.88121,            0.013196,           0.0050461,          0.00016807,           0.0018183,           0.0018183,           0.0018183
                 163,            0.012465,            0.016605,           0.0001071,               0.987,             0.98543,             0.99385,             0.88146,            0.013217,           0.0050438,          0.00015713,           0.0017781,           0.0017781,           0.0017781
                 164,            0.012442,            0.016042,          0.00011427,             0.98667,             0.98516,             0.99379,             0.88097,            0.013256,            0.005051,          0.00014721,           0.0017389,           0.0017389,           0.0017389
                 165,            0.012456,            0.016072,            7.44e-05,             0.98598,             0.98542,             0.99391,             0.88099,            0.013284,            0.005053,          0.00014686,           0.0017005,           0.0017005,           0.0017005
                 166,            0.012519,            0.016517,          8.3407e-05,               0.986,             0.98322,             0.99379,             0.88191,            0.013354,           0.0050591,          0.00015993,           0.0016631,           0.0016631,           0.0016631
                 167,            0.012528,            0.016644,           9.841e-05,             0.98261,             0.98624,             0.99372,             0.88284,            0.013355,           0.0050596,          0.00015779,           0.0016267,           0.0016267,           0.0016267
                 168,            0.012286,            0.015194,          8.2705e-05,             0.98296,              0.9864,             0.99394,             0.88344,            0.013333,           0.0050604,          0.00014465,           0.0015912,           0.0015912,           0.0015912
                 169,            0.012374,            0.016493,          7.3498e-05,             0.98222,             0.98798,             0.99405,             0.88416,            0.013312,           0.0050555,          0.00014072,           0.0015566,           0.0015566,           0.0015566
                 170,            0.011989,            0.015156,          0.00010097,             0.98492,             0.98636,             0.99392,             0.88352,            0.013331,           0.0050564,           0.0001343,           0.0015231,           0.0015231,           0.0015231
                 171,            0.012183,            0.016038,          9.5548e-05,             0.98556,             0.98491,             0.99382,             0.88357,            0.013343,           0.0050631,          0.00012619,           0.0014905,           0.0014905,           0.0014905
                 172,            0.012379,            0.016813,          8.2403e-05,              0.9834,             0.98736,             0.99383,             0.88333,            0.013314,           0.0050585,          0.00011322,           0.0014589,           0.0014589,           0.0014589
                 173,            0.012211,             0.01597,           7.864e-05,             0.98521,              0.9853,              0.9938,             0.88382,            0.013307,           0.0050567,          9.8126e-05,           0.0014283,           0.0014283,           0.0014283
                 174,            0.012452,            0.016887,          0.00010512,             0.98591,              0.9853,             0.99371,             0.88409,            0.013278,           0.0050588,           8.959e-05,           0.0013987,           0.0013987,           0.0013987
                 175,            0.012416,            0.017663,          8.1041e-05,             0.98332,             0.98621,             0.99371,             0.88436,            0.013247,           0.0050587,          9.5275e-05,           0.0013701,           0.0013701,           0.0013701
                 176,            0.012398,            0.016629,          0.00010023,             0.98258,             0.98704,             0.99376,             0.88489,            0.013268,           0.0050545,          0.00010862,           0.0013425,           0.0013425,           0.0013425
                 177,            0.012166,            0.015357,          8.2069e-05,             0.98298,             0.98763,             0.99379,             0.88468,            0.013282,           0.0050547,          0.00011387,            0.001316,            0.001316,            0.001316
                 178,            0.012202,            0.016473,          8.5065e-05,             0.98594,             0.98604,             0.99391,              0.8851,            0.013294,           0.0050661,          0.00012222,           0.0012905,           0.0012905,           0.0012905
                 179,            0.012202,            0.016492,          7.6037e-05,             0.98741,             0.98594,              0.9939,             0.88587,             0.01334,            0.005075,          0.00012808,            0.001266,            0.001266,            0.001266
                 180,            0.012532,            0.016423,          9.8364e-05,             0.98677,             0.98554,             0.99383,             0.88668,            0.013358,           0.0050761,          0.00014065,           0.0012426,           0.0012426,           0.0012426
                 181,            0.012449,            0.016678,          0.00017856,             0.98553,             0.98604,             0.99375,             0.88703,            0.013364,           0.0050748,           0.0001522,           0.0012202,           0.0012202,           0.0012202
                 182,             0.01255,             0.01721,          0.00018203,             0.98557,             0.98683,             0.99382,              0.8853,            0.013361,           0.0050626,          0.00014474,           0.0011989,           0.0011989,           0.0011989
                 183,            0.012109,            0.016615,          0.00010291,             0.98714,             0.98713,             0.99398,             0.88628,            0.013336,             0.00505,          0.00012741,           0.0011787,           0.0011787,           0.0011787
                 184,            0.012364,            0.016626,          0.00014723,             0.98592,             0.98622,             0.99394,             0.88712,            0.013312,           0.0050429,           0.0001228,           0.0011595,           0.0011595,           0.0011595
                 185,             0.01253,            0.016894,          0.00016777,               0.987,             0.98604,             0.99391,             0.88763,            0.013294,           0.0050342,          0.00012646,           0.0011414,           0.0011414,           0.0011414
                 186,            0.012711,              0.0173,          0.00012027,             0.98507,             0.98692,             0.99388,             0.88768,            0.013291,           0.0050332,          0.00013147,           0.0011243,           0.0011243,           0.0011243
                 187,            0.012335,            0.015922,          0.00011817,             0.98619,              0.9841,             0.99386,             0.88727,            0.013297,           0.0050383,          0.00012394,           0.0011084,           0.0011084,           0.0011084
                 188,             0.01227,            0.016505,          0.00012513,             0.98403,             0.98711,             0.99391,             0.88729,            0.013308,           0.0050431,          0.00012248,           0.0010935,           0.0010935,           0.0010935
                 189,            0.012528,            0.016545,          0.00010041,             0.98403,              0.9871,              0.9939,             0.88746,            0.013302,           0.0050497,          0.00012477,           0.0010797,           0.0010797,           0.0010797
                 190,            0.012369,            0.017541,          0.00013333,             0.98401,             0.98588,             0.99387,             0.88799,             0.01332,           0.0050552,          0.00012713,            0.001067,            0.001067,            0.001067
                 191,            0.012253,            0.015809,          0.00011024,             0.98497,             0.98569,             0.99384,             0.88809,            0.013353,           0.0050582,          0.00013502,           0.0010554,           0.0010554,           0.0010554
                 192,            0.012205,            0.016689,           0.0001377,             0.98364,             0.98568,             0.99383,             0.88812,            0.013396,           0.0050538,          0.00013658,           0.0010449,           0.0010449,           0.0010449
                 193,            0.012244,            0.015745,          0.00011126,             0.98529,             0.98533,             0.99388,              0.8883,             0.01342,           0.0050557,          0.00012968,           0.0010355,           0.0010355,           0.0010355
                 194,             0.01231,            0.016858,          0.00010886,             0.98791,             0.98284,              0.9939,              0.8891,            0.013449,           0.0050565,          0.00011929,           0.0010272,           0.0010272,           0.0010272
                 195,            0.012516,            0.015992,          0.00015331,             0.98749,             0.98408,             0.99392,             0.88867,            0.013445,           0.0050522,          0.00010048,             0.00102,             0.00102,             0.00102
                 196,            0.012174,            0.016079,          9.8775e-05,             0.98723,             0.98405,             0.99393,             0.88875,             0.01344,           0.0050494,          8.9686e-05,           0.0010139,           0.0010139,           0.0010139
                 197,            0.012604,            0.015818,          0.00010426,             0.98349,             0.98749,             0.99391,             0.88881,            0.013448,           0.0050526,          8.5859e-05,           0.0010089,           0.0010089,           0.0010089
                 198,            0.012353,            0.016232,          0.00011683,             0.98751,             0.98529,             0.99392,             0.88819,            0.013448,           0.0050521,          8.8817e-05,            0.001005,            0.001005,            0.001005
                 199,            0.012198,             0.01644,          0.00015565,              0.9891,              0.9841,             0.99387,             0.88813,            0.013433,           0.0050533,          9.6738e-05,           0.0010022,           0.0010022,           0.0010022
